id,energy,danceability,key,loudness,mode,speechiness,acousticness,instrumentalness,liveness,valence,tempo,duration_ms,time_signature,label
6ixNehh9DrMM9vYhN93foh,0.679,0.563,0,-6.191,1,0.0441,0.825,0,0.336,0.76,123.38,97760,4,studio
1X6dRpq3Wi6Jxthi8ZBBBz,0.443,0.52,7,-7.755,1,0.0399,0.811,0.00104,0.0489,0.766,123.9,197653,4,studio
0udZHhCi7p1YzMlvI4fXoK,0.364,0.593,11,-8.346,1,0.0388,0.852,8.64e-06,0.148,0.388,125.854,158707,4,studio
3SF5puV5eb6bgRSxBeMOk9,0.397,0.377,7,-8.427,1,0.0312,0.817,0.0496,0.187,0.462,108.591,187400,3,studio
2AyqRzXZ6ZmHcfZ1Mu4Vsj,0.348,0.6,9,-9.66,0,0.036,0.817,5.38e-05,0.11,0.655,127.078,139840,4,studio
4aFM4HgUGRM1cB75qbh2Su,0.732,0.448,7,-6.346,1,0.0366,0.765,0.000474,0.0799,0.741,125.845,201680,4,studio
6wrEYf9IyrjaLccRBhrsCO,0.505,0.634,4,-9.703,1,0.0471,0.841,0.00554,0.0887,0.62,132.521,170533,4,studio
3qjiLjxJ4AZvLOtiE8znrD,0.796,0.563,2,-6.217,1,0.0451,0.802,0.00234,0.239,0.968,137.967,104973,4,studio
1EDjgsFptABkWWjdEbCjwJ,0.513,0.519,9,-6.495,1,0.0328,0.785,0.0039,0.1,0.634,133.622,154787,4,studio
3yFRbFaSj8MeNuYaN21HIu,0.317,0.528,9,-10.133,0,0.0285,0.865,0.00215,0.102,0.277,96.446,318013,4,studio
1v4EF7zZLvC8XkcEncOTue,0.676,0.455,0,-6.533,1,0.0365,0.835,0.00051,0.322,0.517,132.422,136760,4,studio
0dfdXhBg11XA16XgAEtFcN,0.257,0.53,9,-13.968,1,0.0332,0.913,0.0299,0.11,0.499,95.538,160000,1,studio
7CviZOg1GotsImZjY4nrET,0.237,0.639,7,-11.157,1,0.0473,0.855,2.05e-06,0.0617,0.676,107.67,163840,4,studio
3pJPOL2m14JXr4OWuptB7a,0.254,0.564,2,-11.399,1,0.03,0.834,0.122,0.144,0.449,128.826,241800,4,studio
0S91fjUrx0LBF0ECHUjuG8,0.3,0.446,7,-10.981,1,0.0587,0.861,0,0.0756,0.382,174.302,114867,4,studio
2IWduvB3URsX4vzQ8xmh6T,0.41,0.573,7,-10.791,1,0.0344,0.685,0.00027,0.0831,0.76,136.708,247200,4,studio
5tPcxgWQYkbC3g7ncwnROD,0.877,0.533,6,-11.447,1,0.0597,0.296,0.000693,0.359,0.799,125.389,140920,4,studio
18GiV1BaXzPVYpp9rmOg0E,0.0993,0.38,2,-20.567,1,0.0509,0.914,2.32e-05,0.0605,0.44,174.874,165427,4,studio
739sLmfUkVFoyPtb0C3263,0.115,0.538,10,-19.536,1,0.0335,0.883,8.42e-05,0.113,0.312,102.296,199573,4,studio
7xVpkVkd1klTzLJEysIR7z,0.273,0.556,5,-15.973,1,0.0372,0.613,3.27e-06,0.188,0.692,166.064,271360,3,studio
7fzLfsWsXVvStzsk9yRfbG,0.138,0.473,7,-21.116,1,0.0706,0.66,6.4e-06,0.105,0.416,137.679,204507,3,studio
1xa66kvw6zwboiW7c8W9t8,0.179,0.533,9,-18.796,1,0.0958,0.784,0.000195,0.133,0.851,124.594,140267,4,studio
7ny2ATvjtKszCpLpfsGnVQ,0.198,0.567,4,-18.681,1,0.0327,0.919,0.000871,0.135,0.321,92.467,412200,4,studio
2WOjLF83vqjit2Zh4B69V3,0.243,0.6,4,-17.085,1,0.0366,0.89,0.0022,0.249,0.468,110.535,217400,4,studio
4MNxOR2Fu4NqJ892UdYx0h,0.247,0.48,7,-15.929,1,0.0311,0.747,2.86e-06,0.0745,0.422,109.646,300107,4,studio
7Ay1lHxhuM33NoXKsS0iom,0.218,0.658,8,-17.302,1,0.0377,0.876,0.00188,0.16,0.632,106.73,107227,4,studio
0ePDsEDDIPZNpbwRUEXKoX,0.219,0.566,10,-16.813,1,0.0578,0.781,0.000154,0.342,0.718,115.861,385267,4,studio
1L4RtuEiAiwdX5taX4meLI,0.209,0.667,5,-16.915,1,0.0358,0.847,0.00696,0.0773,0.685,95.311,161467,4,studio
71XTdtW3bvmIrotG8yYVMS,0.525,0.545,2,-12.606,1,0.0859,0.839,5.26e-06,0.256,0.947,119.29,118160,4,studio
0D7qLnnev1iKpH5RNT7YsD,0.314,0.64,2,-12.88,1,0.038,0.86,5.72e-06,0.0779,0.798,100.552,288000,4,studio
3fVIvjKAtIyWS8kwC8Dwr6,0.31,0.676,7,-10.103,1,0.0611,0.921,5.88e-05,0.123,0.8,115.555,223840,4,studio
5fcbd0Z5V7t2871wKTM4qJ,0.226,0.626,8,-13.843,1,0.0331,0.932,0.00149,0.12,0.354,92.299,212067,3,studio
7zGsBZtQQYEU46WGTzXdNx,0.397,0.483,0,-9.387,1,0.051,0.837,0.00917,0.0916,0.387,118.954,252107,4,studio
2o5UFDGMtOsnvzP1QR14Kz,0.297,0.561,7,-10.62,1,0.0555,0.89,0.00563,0.109,0.314,106.452,51200,1,studio
7MHaCeb8YdTvEU3WreJgMY,0.473,0.695,7,-7.562,1,0.031,0.846,0,0.0651,0.625,101.986,158693,3,studio
1OEeYRbR1O40Yu6wmt1ReJ,0.298,0.522,3,-14.616,1,0.0304,0.899,0.00224,0.109,0.576,98.826,157667,4,studio
2gKGBvsrLuxcQimvsRAnfQ,0.201,0.494,0,-12.637,1,0.05,0.88,0,0.11,0.28,184.549,207893,3,studio
7igZXPqcTPIhnjqzlsKNyw,0.206,0.542,7,-12.035,1,0.0298,0.831,0,0.152,0.436,139.316,303333,3,studio
52vA3CYKZqZVdQnzRrdZt6,0.396,0.389,7,-7.999,1,0.0332,0.887,0,0.0828,0.585,171.86,192053,3,studio
3Si9u9FVlUTcUXVcawnstJ,0.312,0.683,3,-13.588,1,0.0371,0.912,0.000123,0.0996,0.519,111.468,302307,4,studio
5hBOEqqkcQaUgkRhh6EyX4,0.222,0.47,0,-12.352,1,0.041,0.725,0,0.22,0.291,116.487,424413,3,studio
5ATUmaVJWUTTagmPwQLck3,0.115,0.475,0,-16.284,1,0.0339,0.785,0.00794,0.12,0.25,103.753,157524,4,studio
3cY8cOjaN8Lwi08g9Fpr6D,0.142,0.626,10,-17.197,1,0.0371,0.958,1.81e-06,0.105,0.604,83.139,270884,1,studio
6lib77q4koq52srysevRfT,0.207,0.571,9,-12.472,1,0.0442,0.816,0,0.121,0.649,86.395,209160,3,studio
6QHYEZlm9wyfXfEM1vSu1P,0.114,0.615,8,-17.285,1,0.0357,0.926,4e-06,0.166,0.401,101.189,277107,4,studio
7hMhO4oenpVkVaM5bNkEbz,0.421,0.58,2,-9.161,1,0.0315,0.867,0,0.205,0.347,114.725,194680,4,studio
6j1fiAG1NFBqPDRfJY19Yv,0.177,0.523,4,-12.411,1,0.0395,0.884,0,0.276,0.236,140.116,344631,3,studio
1LGmxVTktSQBIpKPymNrWl,0.122,0.48,4,-15.867,1,0.035,0.898,0,0.102,0.284,101.611,332278,4,studio
6aM9GRhMWYJUTuxhbBOYLm,0.342,0.545,10,-7.164,1,0.0298,0.943,0.00668,0.0786,0.368,96.417,196933,4,studio
7kVLUx6XeemneXbyzcXpRW,0.312,0.425,7,-11.118,1,0.028,0.832,0,0.097,0.533,149.586,208293,3,studio
4agkBHxBfcOO4Tgd5Qt86g,0.0655,0.449,4,-18.17,1,0.0448,0.913,0.0227,0.0841,0.103,104.609,305107,4,studio
4MAhwxen8arq2McQa6bAYy,0.2,0.573,3,-13.333,1,0.0376,0.793,2.97e-06,0.113,0.392,98.7,226893,4,studio
6hyyhCeaoVC83Po2zhLx4A,0.233,0.584,0,-11.884,1,0.0323,0.852,0,0.164,0.391,78.525,157093,4,studio
02tBoGhPOILIqqwt2hgZw1,0.319,0.526,4,-11.682,1,0.0319,0.798,0.378,0.158,0.705,109.311,116840,4,studio
2JcAqr3fUWIFZWPa9rjkwm,0.434,0.327,9,-7.007,1,0.0318,0.793,0,0.0942,0.343,178.539,245960,3,studio
4LIqZhC3uSlyaXIWsPBgZg,0.535,0.498,7,-7.794,1,0.0291,0.895,0.000341,0.221,0.631,115.108,194707,4,studio
7wBSzVinxbRiMUu7ooY1jT,0.368,0.589,7,-9.108,1,0.0339,0.749,0,0.0797,0.329,110.495,145733,4,studio
5zOiSgAZJhikocvA3KdSpX,0.415,0.367,7,-8.857,1,0.043,0.61,0,0.0804,0.402,180.706,430733,3,studio
7sdOnjHtBhnFI5otzMaKWh,0.486,0.666,7,-6.981,1,0.041,0.844,0,0.0401,0.702,104.31,288333,4,studio
70yzmEXaSuyddduotWyeZf,0.341,0.474,0,-8.877,1,0.0554,0.769,0,0.0878,0.329,165.406,232693,4,studio
0ioneAuNJzdZmKCOi9XaYN,0.538,0.708,7,-7.252,1,0.0431,0.773,0,0.11,0.714,108.165,273867,4,studio
2bCFKT7w3wwGfCV3cjrjqi,0.446,0.443,3,-8.226,1,0.0326,0.673,0,0.099,0.343,146.681,263373,3,studio
1FtJgaely2X7NKul8bDJ3W,0.554,0.524,2,-6.954,1,0.0499,0.654,0,0.143,0.67,132.8,263267,4,studio
6Ri6RAHuKsfA0M0inFXFjO,0.266,0.529,2,-10.451,1,0.0415,0.633,0,0.104,0.223,125.337,497160,4,studio
5nbNWAfT1S6V1vqj3snHxS,0.302,0.572,7,-8.573,1,0.0286,0.743,0,0.125,0.389,105.54,214440,4,studio
3v3egyVEQvvFIjsUGi6g9H,0.131,0.472,11,-14.266,1,0.0484,0.871,0,0.118,0.311,174.459,175373,3,studio
6k9DUKMJpWvu6eFG3O64Lg,0.727,0.576,4,-9.973,0,0.05,0.702,0,0.324,0.751,173.854,141293,4,studio
2itBkHBUxGl4VfDj4HNyoD,0.382,0.729,9,-14.07,1,0.0367,0.699,0,0.152,0.637,112.179,166707,4,studio
5rGD8FFgHw74cp3RPhucyg,0.72,0.415,7,-11.177,1,0.0492,0.481,0,0.185,0.619,176.785,234627,4,studio
2FDTgrYDUdQKyGmtynEk90,0.56,0.702,4,-12.323,1,0.0342,0.571,0,0.109,0.889,125.452,171107,4,studio
0QWvnpH7daskoXwKa59xGT,0.71,0.655,9,-10.877,1,0.0281,0.724,6.76e-06,0.13,0.886,89.658,184267,4,studio
1kvqv4axiWkxOdRz017sQZ,0.646,0.77,9,-10.723,1,0.0684,0.57,0,0.137,0.783,118.771,155427,4,studio
5ka7NFOlZUpVLJmA2tO0o4,0.617,0.666,7,-10.851,1,0.0628,0.565,0,0.0498,0.764,105.648,389800,4,studio
3RkQ3UwOyPqpIiIvGVewuU,0.31,0.39,5,-14.545,1,0.0676,0.794,0,0.379,0.584,177.515,330533,4,studio
3K10pmwoFZt5N6ESWvDQkv,0.213,0.44,7,-14.978,1,0.0504,0.527,0,0.103,0.433,181.322,340040,3,studio
5Oer8yskMaCGXwGSfM7xr9,0.257,0.681,4,-15.348,1,0.0695,0.597,0,0.161,0.566,115.867,449093,4,studio
4EgKcG7aswxVfQEqa3dl8S,0.197,0.699,4,-14.792,1,0.0383,0.655,0,0.0716,0.361,122.871,252067,4,studio
29MEcYFP09cdPJxeyNkMhe,0.158,0.559,7,-19.353,1,0.0341,0.781,0,0.0618,0.21,130.297,325840,3,studio
691QsHdICHPhGpJCLUfDWH,0.763,0.68,7,-10.212,1,0.0479,0.432,0,0.422,0.758,131.297,174333,4,studio
3AhXZa8sUQht0UEdBJgpGc,0.721,0.482,0,-6.839,1,0.0321,0.731,0,0.189,0.557,95.263,369600,4,studio
5JqsRFZYDtIK5Rgeuzd2Jv,0.808,0.504,11,-7.25,1,0.0584,0.408,0,0.316,0.653,123.866,356227,4,studio
2yaf46YMxA5y6bzmWUKgXC,0.579,0.493,8,-7.743,1,0.0319,0.772,8.06e-05,0.0759,0.475,93.353,245133,4,studio
6txGFpco4cfgG1sA1MxLCp,0.72,0.287,0,-6.231,1,0.0347,0.756,3.41e-06,0.263,0.709,176.302,195693,4,studio
0f5N14nB8xi0p3o4BlVvbx,0.574,0.473,11,-8.189,0,0.032,0.695,0,0.509,0.499,74.056,356707,4,studio
0c2DAekH6ZEnHhf8dM1leK,0.691,0.369,0,-6.234,1,0.0387,0.778,1.39e-05,0.327,0.382,104.371,327467,4,studio
6os5B6xjuke9YfBKH3tu1e,0.808,0.49,10,-6.725,1,0.0409,0.475,0,0.232,0.604,73.434,205827,4,studio
0V1771LhL3tG36pb55EZAH,0.511,0.497,7,-8.318,1,0.0271,0.702,0,0.262,0.591,99.5,327560,4,studio
4n1ZGm3TxYmoYe1YR8cMus,0.605,0.432,4,-6.941,1,0.0306,0.673,0,0.129,0.647,109.227,681400,4,studio
7y7OFQj14BnaMuUKp8zSur,0.668,0.669,1,-8.907,1,0.0409,0.396,0.000339,0.0679,0.916,121.868,231667,4,studio
4heMx0OAwfILu13Lf0VbBM,0.463,0.556,6,-10.79,1,0.0268,0.817,0,0.116,0.764,109.586,247867,4,studio
45F49WgoqhwZCq1qtXi4KF,0.658,0.53,7,-8.027,1,0.0346,0.458,6.95e-06,0.214,0.897,114.189,211747,4,studio
7BkAlVpGwXXl3sYNn5OoJ7,0.592,0.556,5,-7.378,1,0.0337,0.458,0,0.0637,0.587,94.887,274067,4,studio
2qTvEdNY21mL9whUJot9Oc,0.646,0.492,2,-7.702,1,0.0432,0.686,0.000153,0.372,0.693,104.394,227867,3,studio
2rslQV48gNv3r9pPrQFPW1,0.484,0.59,9,-10.424,1,0.0339,0.321,0,0.0625,0.652,93.428,451133,4,studio
40GFPBolcy0yucApV9uxq2,0.626,0.431,5,-9.46,1,0.0319,0.547,6.14e-05,0.364,0.762,96.494,292440,4,studio
7tJQ4Ekp2vN3NlI3vJJW3v,0.68,0.509,5,-8.354,1,0.0372,0.36,0,0.0824,0.802,99.924,185200,4,studio
1NYTj6JEw3IOh4ggiBh82h,0.747,0.466,9,-9.882,1,0.0473,0.301,0,0.12,0.628,135.527,423667,4,studio
6aeOSY6fPsvGTzyXi65pNY,0.592,0.572,2,-8.639,1,0.0322,0.304,1.12e-06,0.106,0.968,97.475,236333,4,studio
37Dl7jQMmt0gUnzTKqnjkN,0.441,0.563,4,-9.902,1,0.0437,0.773,0,0.351,0.468,115.168,290467,4,studio
2SbnSPLltgmScvZVI0OcRF,0.885,0.598,7,-6.904,1,0.035,0.579,0,0.348,0.96,111.89,207293,4,studio
1HgFg4pCJO1tX1uh5NMALx,0.392,0.367,7,-9.745,1,0.0319,0.249,0,0.105,0.43,121.661,300307,3,studio
08TyPDbQ14NOoOWh13WJ2Z,0.738,0.565,2,-7.526,1,0.03,0.223,0,0.111,0.806,134.109,294200,4,studio
4i4oDSWluhViEzuYIZYtmJ,0.508,0.365,4,-12.103,1,0.0319,0.0793,4.04e-05,0.15,0.623,155.741,272600,3,studio
74z9AsqO74WCnX3BlvbGAL,0.856,0.352,2,-7.132,1,0.0642,0.296,3.75e-06,0.068,0.704,189.846,213027,4,studio
4jdtLLyEL7wY0TlCdMKhxq,0.385,0.301,2,-10.755,1,0.0323,0.604,0,0.0799,0.275,171.836,679107,3,studio
1EFdG2QmqGLqNiSECOpW07,0.291,0.39,0,-12.673,1,0.0283,0.174,0.000327,0.203,0.459,83.458,217933,4,studio
32IYJQCpMJ6LolGUbdYEp2,0.687,0.384,1,-8.512,1,0.0345,0.249,0,0.108,0.755,146.808,368347,4,studio
4Oi0aCr7R0gN6WJSKtdANr,0.697,0.572,9,-6.593,1,0.0618,0.462,0,0.107,0.858,134.073,107360,4,studio
0NCVTPhS9FmQQwHUmuJNUm,0.665,0.549,7,-6.475,1,0.0319,0.672,0,0.357,0.663,102.026,219067,4,studio
2otxmLJLxYQPVq0FYIUd34,0.467,0.592,4,-7.38,1,0.0467,0.4,0,0.292,0.517,119.23,151120,4,studio
6ZHAkQveP83pugpI3R3BQr,0.686,0.44,0,-6.701,1,0.105,0.334,0.00707,0.121,0.797,153.757,209440,4,studio
3S3c2DmBhih5bOWciUPwLt,0.565,0.403,9,-6.367,1,0.0329,0.124,0.0394,0.189,0.357,75.674,327627,4,studio
2OiysLw55VVjAYj1tC2TMF,0.635,0.478,4,-5.231,1,0.0305,0.464,0.291,0.133,0.514,112.101,166600,4,studio
24RKOkbDctnfC7EtZmyJKA,0.686,0.506,7,-6.785,1,0.0439,0.498,0.000616,0.0874,0.732,146.318,166640,4,studio
1BythdpR6CAZNT8ltjv6IT,0.798,0.371,0,-5.184,1,0.0464,0.407,0.4,0.188,0.603,131.776,258307,4,studio
0R9p7lLUdB5N39OU9NCTu4,0.582,0.308,4,-7.336,1,0.0562,0.692,0,0.186,0.513,199.17,178013,4,studio
3kzUgsSqGf1TlGcfC8ZkeO,0.812,0.438,2,-5.675,1,0.243,0.329,0,0.0723,0.865,176.998,168507,4,studio
1CufFgKGnEUcqH2tZxnRUl,0.607,0.548,1,-6.867,1,0.052,0.818,7.69e-06,0.0497,0.842,122.943,153333,4,studio
3tPkWQ0Ed6vHbYdbPP7HLJ,0.48,0.305,2,-6.927,1,0.0287,0.782,1.54e-06,0.225,0.358,67.867,255853,4,studio
14em4cJeTWNLfmvh9BuEVW,0.598,0.405,11,-7.435,1,0.033,0.516,0,0.0936,0.461,73.871,184213,4,studio
4daGDsq2Gv4qeGR3uYpQoy,0.557,0.502,5,-7.631,0,0.0411,0.548,2.64e-06,0.132,0.711,112.805,135093,4,studio
6jVRVVop35OiLnMQt1oof1,0.649,0.509,7,-7.568,1,0.034,0.191,0.00195,0.313,0.633,133.983,238680,4,studio
2dYam0boaX8XGNzwVqHxW0,0.557,0.693,5,-6.504,0,0.0333,0.439,7.99e-05,0.161,0.793,124.61,124453,4,studio
3fT1TDk7OKsk02zb50TT0O,0.565,0.558,0,-6.691,1,0.054,0.6,0.0035,0.104,0.63,124.805,195627,4,studio
3S4uVMF2KcxAVubsq5J0WD,0.654,0.485,6,-6.073,0,0.061,0.729,0.00235,0.38,0.532,132.134,166827,4,studio
5WeQHNrOlxBv9NZTrz6xgE,0.591,0.571,7,-8.566,1,0.0355,0.353,0,0.234,0.609,116.29,162880,4,studio
7c5tRyNXCM77xYfBJGg3B6,0.811,0.59,2,-6.264,1,0.0405,0.737,0.251,0.341,0.848,132.745,192827,4,studio
0k2tkSYmg3ueCemL7vqfCn,0.444,0.577,7,-7.891,1,0.0278,0.705,0.0337,0.147,0.589,102.166,263347,3,studio
5jpEdHQL8kGxROtZkj4KXM,0.497,0.474,10,-7.697,1,0.0367,0.77,0.022,0.117,0.716,142.595,169440,4,studio
6iEVANirIu9Map5EvPDPgg,0.79,0.542,0,-6.71,1,0.0356,0.696,0.00918,0.493,0.757,140.756,219933,4,studio
40L7ioTIvnDH42ugHaip7L,0.525,0.231,9,-6.938,0,0.0352,0.619,0,0.109,0.4,88.627,232573,4,studio
0BbmTYj3Crdlfzn1Aat3dG,0.306,0.505,9,-8.007,1,0.0299,0.611,0,0.0701,0.532,125.997,234507,4,studio
3kDONxMPikzWNH8Ax32vED,0.591,0.332,9,-9.209,1,0.0822,0.909,0.0119,0.179,0.854,187.443,128333,4,studio
0wfBooQ6QtDm63UIyIcDIj,0.479,0.579,5,-10.348,1,0.0294,0.206,0.00211,0.163,0.937,135.459,177200,4,studio
2040FzW1ywVMnNJAMPoXZn,0.352,0.67,4,-13.892,1,0.0368,0.124,9.22e-05,0.0649,0.87,131.138,169400,4,studio
1cbLvt7UrsbVnljXttWUip,0.282,0.411,5,-12.909,1,0.0462,0.626,2.07e-06,0.0939,0.554,176.191,232667,4,studio
0Fnb2pfBfu0ka33d6Yki17,0.41,0.581,1,-12.617,0,0.0303,0.475,2.04e-05,0.0746,0.697,129.175,151093,4,studio
1XXHPSNbmHgi8EJvO3yGyd,0.372,0.481,0,-14.03,1,0.0576,0.811,0,0.0908,0.335,150.764,332640,4,studio
41ev75JtScZeRGHQ19O6BG,0.535,0.637,9,-12.668,1,0.0342,0.493,3.17e-05,0.262,0.842,132.458,166067,4,studio
4xhHhecO7i0jEySdGKQMWp,0.225,0.429,2,-15.342,0,0.0396,0.617,6.03e-06,0.112,0.457,238.895,194733,3,studio
49pZlXa9pZ6N0j6O4xduoC,0.283,0.617,7,-13.367,1,0.0331,0.107,0.000209,0.15,0.469,119.204,201000,4,studio
2eyszNMdxZtteBRCN1uL4j,0.167,0.494,5,-15.389,1,0.0331,0.44,0.000204,0.123,0.366,128.684,253400,3,studio
0ZVzXE6cLLNshh4oMDoySI,0.419,0.436,2,-10.272,1,0.0297,0.432,0,0.0759,0.831,170.034,122200,4,studio
0aVlO5bvmxjz6ep7rUs9y2,0.486,0.656,11,-12.536,1,0.0452,0.649,0.000452,0.128,0.886,90.881,141240,4,studio
032kwZ9kg4yIaIPBOOIwlm,0.23,0.512,0,-16.412,1,0.0301,0.454,0.000139,0.0508,0.457,127.567,159360,4,studio
4K1imZQQ0yKtJ40vGmUajS,0.142,0.607,7,-23.455,1,0.0382,0.843,0.000197,0.121,0.305,118.867,220400,4,studio
716TKYoyVXFrXjz3rHwajp,0.376,0.544,0,-22.38,1,0.033,0.314,0.798,0.161,0.732,121.264,191507,4,studio
7CuCP5OoLH77hJTibZQE4r,0.326,0.707,9,-19.686,1,0.0541,0.614,3.06e-05,0.365,0.788,122.948,127600,4,studio
2HXnjMxrO4QccqE3Grwmd0,0.194,0.476,0,-20.311,1,0.0335,0.603,0.0135,0.23,0.371,145.945,143067,4,studio
2P1jghKUruf3SDVNj910KC,0.297,0.628,5,-20.272,1,0.0548,0.761,6.87e-05,0.125,0.738,122.989,119867,4,studio
4uYwlMp841PLJmj1gJJwIq,0.179,0.52,11,-21.976,0,0.0454,0.356,0.00344,0.131,0.407,155.746,197093,4,studio
3v55o86xGDEiZCLioTrmy5,0.323,0.394,0,-19.551,1,0.059,0.72,0.00548,0.173,0.733,178.083,140800,4,studio
7tem1vYGSIuBE59Q8aP7Yc,0.294,0.601,5,-20.909,1,0.0313,0.809,0.499,0.129,0.779,87.034,160173,4,studio
2YehU3jLpb9bM5V6k8HmyA,0.533,0.723,9,-17.939,1,0.0557,0.639,0.00037,0.23,0.68,99.079,95933,4,studio
3uHpPWsNDTpbbqedCRoaQU,0.38,0.583,7,-17.607,1,0.0482,0.376,0.00685,0.0676,0.529,81.892,201133,4,studio
54kJQb15wTK67vkFuOo663,0.451,0.446,9,-12.815,1,0.0407,0.593,0.0517,0.14,0.76,161.534,147680,4,studio
5tjtcbyYUVjLsFBEpevxgR,0.37,0.505,2,-16.042,1,0.0322,0.681,0.000137,0.0816,0.889,95.278,154587,4,studio
4nBjbqj7nKd7Rsa7HJ3VtX,0.205,0.335,0,-10.869,1,0.032,0.939,6.25e-05,0.104,0.254,135.725,193093,4,studio
23cMvOOt9IlfxQINoFifXA,0.224,0.589,7,-14.014,1,0.0305,0.688,0.000126,0.094,0.599,84.81,177853,4,studio
231YRTPZFjXLCYSR1oKDrC,0.146,0.535,7,-13.77,1,0.0322,0.829,0.0362,0.163,0.43,93.893,145227,3,studio
0z7gv3vV0CcVWNqzRUoTOj,0.392,0.64,7,-10.322,1,0.0396,0.766,0,0.0998,0.687,81.312,328707,4,studio
2f6M51XJLbvIDWvQEPHdnj,0.371,0.588,0,-11.867,1,0.0324,0.867,0.0108,0.168,0.623,127.827,217987,4,studio
1vO1stLXVD37MybMxIn28C,0.324,0.614,2,-8.951,1,0.0701,0.805,0,0.206,0.526,85.233,149800,4,studio
6s8fPezIUaqQXsPcTselWy,0.307,0.433,3,-13.572,1,0.0288,0.771,0.363,0.123,0.591,166.494,181240,4,studio
2QEZRXy7t6lzbzS1dJ9Lck,0.538,0.722,2,-10.527,1,0.032,0.841,0,0.0937,0.961,106.807,121587,4,studio
2jxcuhCwXwFctVL1lnWtkJ,0.843,0.548,1,-6.216,1,0.0305,0.703,0.759,0.161,0.971,140.631,128813,4,studio
3vi3lrRxKJs3UQ7n2mi7zR,0.315,0.489,0,-10.844,1,0.0319,0.881,0,0.13,0.568,114.177,153107,4,studio
4MTkqHtpdZI2vMdqzA3VPz,0.588,0.709,0,-7.933,1,0.0331,0.662,0.000972,0.243,0.786,116.345,164133,4,studio
3QG2RBIbnsHAdwDXXhiYVG,0.192,0.445,7,-10.511,1,0.029,0.768,0,0.129,0.364,138.566,213720,4,studio
7oHyyRPF0xbySYYwiCWr90,0.555,0.617,9,-8.937,1,0.0486,0.783,0,0.203,0.711,93.941,187560,4,studio
4t2wZalAQ4cbKKWTAcxct2,0.363,0.496,0,-11.047,1,0.0296,0.776,0.0563,0.122,0.543,149.091,147933,4,studio
1LLWePORuf78aYlTpSsduc,0.294,0.482,0,-9.664,1,0.0339,0.893,0,0.39,0.543,107.112,166587,4,studio
78x0lA9TUtDRHAE8rIIsyz,0.351,0.628,0,-13.177,1,0.0287,0.383,0.0024,0.121,0.534,97.79,182453,4,studio
06MdshAoq98OnumAG4PIuC,0.367,0.652,0,-11.063,1,0.029,0.663,0.000288,0.1,0.716,112.28,165560,4,studio
3UjmHv6ptod5AHBeyUFYyf,0.176,0.609,0,-12.071,1,0.041,0.85,4.08e-05,0.157,0.359,157.65,193467,3,studio
00cs7mlkTcIIoWnm8G0U0l,0.47,0.407,0,-8.64,1,0.037,0.755,0.0216,0.0976,0.227,138.471,188253,4,studio
5OVboM6Sv9rfTgsH2PM7rC,0.439,0.531,7,-11.66,1,0.0349,0.562,0.000107,0.215,0.668,81.585,195320,4,studio
0bTY3EvTFLdPALso8E7Eyq,0.593,0.663,9,-8.616,1,0.0322,0.452,0.0453,0.226,0.884,139.479,161053,4,studio
5xStgjsb9BdVCHVTAHKwYs,0.528,0.382,1,-8.977,1,0.062,0.212,2.83e-05,0.0922,0.707,179.716,238707,3,studio
0J2CxlVvgNqAvO3SxwKHUm,0.276,0.498,8,-13.661,1,0.0348,0.928,0.000534,0.0913,0.443,134.672,155533,3,studio
7MhyRgvUWh6qkVubruEGUY,0.454,0.585,10,-9.177,1,0.0678,0.729,6.2e-05,0.0824,0.685,76.51,169240,4,studio
6h8laPks98zPizQ5qahy40,0.39,0.332,0,-12.425,1,0.0371,0.909,0.0128,0.114,0.488,50.166,142947,4,studio
5ciVgodduAjUTbW6dzWv7b,0.406,0.528,0,-13.996,1,0.0474,0.304,0.246,0.0864,0.377,104.441,217893,4,studio
1FIrnH3Dme6EyYNnd96svn,0.509,0.639,9,-9.95,1,0.0319,0.608,0.000482,0.275,0.618,132.527,236347,4,studio
0cpTK1S7dSmnsTA1Xm0BcR,0.226,0.441,11,-13.809,1,0.0324,0.981,0.0861,0.138,0.33,148.107,220587,4,studio
0bIPQrwZWBSqadrJaRsW7R,0.692,0.558,4,-8.017,0,0.0382,0.129,1.96e-05,0.0991,0.626,92.329,189240,4,studio
7xRemq7GLu0Tbqe9OckG87,0.517,0.419,8,-9.368,1,0.0284,0.532,0.0251,0.0785,0.905,145.109,186213,4,studio
2v2ZKjxhsdWevtT0CKN6c2,0.242,0.511,0,-15.778,1,0.043,0.716,0.142,0.101,0.463,121.511,127813,3,studio
2dHaijfyC8eZQjgony4kiD,0.301,0.495,5,-10.247,1,0.0281,0.943,0.00256,0.273,0.684,98.051,91627,4,studio
4FzjmZXggX5L2pro52kHeq,0.716,0.465,9,-10.927,0,0.0366,0.399,0.000162,0.0872,0.537,115.4,227067,4,studio
368OHaaG7tnjVqD9hRIXhL,0.32,0.471,4,-12.768,1,0.035,0.375,2.12e-05,0.0729,0.262,143.086,259400,4,studio
3Fnet7l44QsKmbRxAOyWzE,0.918,0.467,4,-6.143,0,0.0711,0.216,0,0.111,0.836,104.224,171813,4,studio
13IzCtdrVF2W5oNwb1iSuA,0.262,0.402,8,-11.775,1,0.0392,0.909,2.84e-06,0.111,0.358,106.672,313853,4,studio
5sN6wOIayxsoY6BazbVPPo,0.548,0.453,0,-10.403,1,0.038,0.523,0.000188,0.596,0.454,139.384,332533,3,studio
4loZQUxVHt48y684YcM9To,0.463,0.46,9,-11.244,1,0.0319,0.727,0,0.107,0.328,126.059,163053,3,studio
2BhDazuH5PZqsX0LyM0D56,0.534,0.492,7,-8.361,1,0.0333,0.292,0,0.22,0.892,80.525,133827,4,studio
1KFTXJslA3vdcSxE4k8azK,0.857,0.563,7,-7.618,1,0.0604,0.165,1.83e-05,0.134,0.687,118.29,163053,4,studio
1E91zN7Xg3SdkLvdbDlmqA,0.39,0.411,0,-10.027,1,0.0317,0.796,7.81e-05,0.285,0.341,112.525,256853,4,studio
1jExlbW0RhRCBTQG52jVgB,0.252,0.462,6,-10.274,1,0.028,0.142,2.36e-05,0.112,0.397,135.414,167893,3,studio
18tQtthhCQWcWokhHlXDkQ,0.295,0.559,7,-11.368,1,0.0341,0.57,5.17e-05,0.106,0.52,89.89,217400,4,studio
0h1HflWtF5FuOhO9qaQobT,0.264,0.639,7,-18.802,1,0.0425,0.732,0.755,0.0522,0.433,125.458,362320,4,studio
6gVfhIA3EEC8lFxqU8HPo8,0.105,0.634,9,-21.741,1,0.0424,0.921,0.905,0.204,0.286,127.03,173613,4,studio
3JeSmJwvbQkIqcZ0LM46wm,0.328,0.471,7,-13.049,1,0.0268,0.287,0.00218,0.0833,0.537,129.978,232867,4,studio
7sTxTZSoqgpnqOMkwJGXHu,0.207,0.442,0,-17.114,1,0.0362,0.838,0.932,0.0915,0.399,137.969,132373,3,studio
4XmM5zJZgmAEM2jR4cnlHU,0.183,0.611,9,-15.285,1,0.0501,0.74,0.918,0.141,0.606,135.952,87360,4,studio
7huqsHcUto3D3TDHPWtuYQ,0.495,0.585,11,-13.705,0,0.0292,0.505,0.968,0.23,0.95,119.74,211027,4,studio
6HSXNV0b4M4cLJ7ljgVVeh,0.396,0.513,7,-13.061,1,0.0299,0.251,0.177,0.11,0.229,140.208,149880,4,studio
5jR7az62F3VLf9NhtDB3qV,0.383,0.414,5,-12.647,1,0.032,0.722,0.758,0.0657,0.33,133.14,321027,4,studio
21LpuJa9M1boZw437fPu7M,0.29,0.435,9,-11.898,1,0.0315,0.802,1.58e-06,0.0728,0.59,140.898,299400,4,studio
2zQEl3RgJivVTabwczXxtn,0.151,0.561,7,-18.027,1,0.0442,0.669,5.08e-05,0.0928,0.455,120.694,127640,4,studio
0oID5GDN1VxgvIbeejuG1U,0.785,0.56,5,-7.611,1,0.12,0.45,0,0.145,0.933,138.778,177693,4,studio
5jZLCVKppwm7dGxvb68fTW,0.494,0.637,2,-9.585,0,0.0376,0.532,9.51e-05,0.0751,0.626,119.337,206507,4,studio
2cEVaJCrWIWTq7CgNgtHqQ,0.869,0.527,11,-7.175,0,0.0874,0.527,3.31e-06,0.0735,0.891,164.806,255573,4,studio
2MTSgWdCF4fbqM9sVKtnUm,0.564,0.567,4,-8.611,1,0.0297,0.445,0.000185,0.209,0.565,123.646,169467,4,studio
7rUIuOknn6EOGs4Mv3Hyn2,0.759,0.602,7,-7.124,1,0.0382,0.222,8.01e-05,0.0553,0.707,133.802,282640,4,studio
4yWl0tnEanf3zmZzl9kbQn,0.493,0.488,2,-9.878,1,0.0464,0.255,0.000181,0.102,0.389,135.093,296133,4,studio
1C4yOUEjCUyPkxRDwwFksG,0.763,0.637,8,-7.572,1,0.11,0.66,0.00286,0.181,0.9,95.999,168733,4,studio
7xoWNirfRGah4NCuEM9X3r,0.231,0.579,7,-12.181,0,0.0398,0.955,0.000951,0.359,0.612,110.839,334373,4,studio
4gGkNMS9FSGOrEY9DLw9Is,0.763,0.57,9,-8.513,1,0.0514,0.665,0.00797,0.0829,0.895,118.008,172840,4,studio
43l4wsDQHRa0lZwwuzSPff,0.656,0.466,2,-9.141,1,0.0408,0.583,0.252,0.173,0.717,137.332,171773,4,studio
3PpXLSjQPRTYWaTb5J4KUU,0.367,0.571,9,-9.767,0,0.03,0.786,0,0.285,0.509,91.96,282307,4,studio
41f6D0HUmKoD50ejVbpFdE,0.508,0.536,7,-10.015,1,0.0292,0.341,0,0.22,0.672,90.887,159800,4,studio
6Vcwr9tb3ZLO63F8DL8cqu,0.661,0.421,9,-13.126,1,0.0433,0.414,1.16e-06,0.0962,0.554,100.965,341627,4,studio
3wAX3qn53iQUFE84hpfeen,0.264,0.409,4,-16.273,1,0.0363,0.665,0.00016,0.102,0.355,137.16,256800,4,studio
4ukHl5HFRNARRnIWc4Oj83,0.308,0.597,7,-16.527,1,0.0452,0.795,4.03e-05,0.0469,0.413,75.414,272200,4,studio
1nbGN4N63uCQq0pCIs3kIf,0.543,0.431,7,-12.507,1,0.0488,0.354,8.98e-05,0.106,0.619,157.384,467493,4,studio
64MISVB9IIchhOKmWHftoz,0.381,0.437,9,-15.016,1,0.0433,0.512,0.000104,0.0984,0.698,109.74,174733,4,studio
53ygARQf1f30Z0EmXPHWGT,0.467,0.555,9,-14.698,1,0.0443,0.0809,0.000983,0.0707,0.591,145.268,258973,4,studio
4MKun9QQhoapVvhp2uxJif,0.665,0.457,2,-13.722,1,0.0821,0.414,0,0.0948,0.667,126.33,531160,4,studio
3xNO6JUk9ySYjxuqzcZYRB,0.224,0.383,2,-16.99,1,0.0274,0.768,0,0.087,0.466,102.94,288000,4,studio
3y4Uza6K58JXQ7RYya8ZI5,0.241,0.486,4,-17.337,1,0.0366,0.413,3.51e-05,0.0928,0.614,106.574,301133,4,studio
5eVjE8FDSDXQLSbTZSA5Qv,0.234,0.514,4,-18.245,1,0.0328,0.539,0.00254,0.109,0.454,173.644,203507,4,studio
36sksVEyaZDQlrcbhVCiaa,0.591,0.457,9,-8.753,1,0.0414,0.152,1.11e-05,0.163,0.824,178.855,267040,4,studio
1lqMLr9Wj7SM2F9AikGcxN,0.827,0.509,0,-7.715,1,0.0782,0.0409,0,0.12,0.743,135.601,512733,4,studio
5j216bw8PG0EcIdfu92k4l,0.717,0.516,3,-7.142,1,0.0343,0.126,0,0.186,0.883,147.957,418293,3,studio
1gpQMd0R3blMSn8vhXU0Uu,0.864,0.726,7,-8.191,1,0.0293,0.0452,0.000159,0.109,0.821,127.68,180800,4,studio
4WOruM7TiQSETsWYy8bDSX,0.473,0.533,9,-9.477,0,0.0304,0.167,2.02e-06,0.0899,0.305,139.193,224733,4,studio
4JtK4KieKw8mlPAIX4ODht,0.391,0.579,7,-9.756,1,0.0295,0.0249,0.00014,0.175,0.409,123.128,241773,3,studio
3sXLemtrtO6ygZF0G4OIwI,0.529,0.533,7,-10.404,1,0.0328,0.241,0.000266,0.116,0.439,116.814,665133,4,studio
1OT1G66Lt9EpKFWkwK8i9z,0.541,0.328,2,-7.782,1,0.0321,0.236,0,0.386,0.582,169.035,344333,4,studio
2OqE96IZhnQ7uNunN6Opag,0.831,0.579,7,-7.943,1,0.0367,0.154,1.85e-05,0.165,0.822,97.622,449000,4,studio
4WbP5AjT2RFb3paBBD2BRM,0.504,0.43,4,-8.997,0,0.0382,0.36,0,0.0799,0.276,156.223,331493,3,studio
5g5mrMlIo8gykkVJ40hCDD,0.607,0.622,7,-10.219,1,0.0333,0.0321,0.011,0.288,0.848,113.236,265560,4,studio
3QOJ8ixwiOeqTR2YwXBdqb,0.203,0.548,2,-16.275,0,0.0323,0.689,9.35e-05,0.219,0.432,77.785,168067,4,studio
2vVpjZxlSiqR5wr2YeZPB2,0.717,0.607,5,-10.603,0,0.0371,0.17,4.55e-06,0.032,0.821,124.576,397093,4,studio
2gXvgBpMaDZRxctxbI3Zpc,0.574,0.493,9,-11.08,1,0.0313,0.252,2.71e-05,0.203,0.829,80.256,269640,4,studio
2WEE10JUB0IuuTKluMyYXG,0.478,0.388,10,-10.093,1,0.0404,0.273,0,0.121,0.622,188.573,500453,3,studio
6nZTEFkBcjTGj4isbkAGmN,0.529,0.534,10,-11.071,1,0.0413,0.435,9.87e-05,0.117,0.419,132.41,318973,4,studio
5HxaRsnKOw5kVzoTXK42gD,0.444,0.336,2,-11.534,1,0.0279,0.346,0,0.158,0.598,164.846,271893,4,studio
1OfDlFzUCAo0v83TgHKRaq,0.41,0.602,9,-13.337,0,0.0298,0.297,1.84e-05,0.223,0.342,136.293,339613,4,studio
1dI5VAddbHQKX1LgNsjxGG,0.48,0.42,2,-10.41,1,0.0378,0.466,0,0.0656,0.483,156.736,255107,4,studio
78tzwyjbBzcVLiThPll2c3,0.534,0.582,2,-11.76,1,0.0267,0.14,0.000163,0.174,0.796,93.744,245507,4,studio
1zRt6GwdqaRgFfABzz6xVc,0.523,0.516,0,-10.696,1,0.0429,0.253,0,0.0967,0.775,96.239,375040,4,studio
760420tYNmNjFgi8bWvbop,0.526,0.81,2,-9.627,1,0.0991,0.431,0,0.0841,0.811,95.23,324800,4,studio
7aZjExRehKGrH6vZ3MNXlq,0.703,0.736,3,-8.469,1,0.0386,0.115,1.72e-05,0.107,0.812,122.575,389867,4,studio
6SsoX9VSygEAcIzSzPKOea,0.353,0.588,9,-12.781,1,0.0438,0.44,8.47e-06,0.0425,0.24,141.417,308867,4,studio
02Dkg9KisMTISWEBK5AKMk,0.558,0.599,2,-9.163,0,0.0526,0.359,1.3e-06,0.217,0.842,164.344,358307,4,studio
5htXjZuTCeSvBcSHuv79As,0.486,0.611,2,-8.158,1,0.149,0.199,0.000639,0.0371,0.967,206.276,328160,3,studio
6FBaIl4oCg3kUG3YNu7FrM,0.512,0.791,6,-13.309,0,0.0733,0.535,6.24e-06,0.119,0.599,98.884,232933,4,studio
4CiCn1uQ4g2nDcunbk2mw7,0.516,0.823,7,-11.538,1,0.181,0.326,1.59e-06,0.0767,0.906,137.689,328493,4,studio
5mGq3cybgQDZgTEbu9ldV9,0.509,0.763,11,-11.139,0,0.0533,0.458,0.000175,0.0799,0.965,94.376,267107,4,studio
1YGDRTeHX3egkIxdLxlOxN,0.293,0.645,8,-12.253,1,0.0486,0.839,0,0.0656,0.249,94.8,271467,3,studio
3VqWOf7fSwLM2WSKNU8upg,0.546,0.705,3,-12.832,1,0.0468,0.00208,1.54e-06,0.165,0.878,133.922,247360,4,studio
1SbCEeWvAN83GfmfQ5HbBg,0.213,0.318,4,-12.868,1,0.036,0.831,0,0.303,0.337,81.152,118733,3,studio
2SvhnRCqjsRMU99Nl0if9H,0.969,0.552,11,-5.394,1,0.0357,0.0237,0.00179,0.0892,0.702,130.764,242960,4,studio
4bwi8djKepx3aiMtZZV5IE,0.624,0.616,2,-7.484,0,0.0284,0.271,0.000541,0.138,0.437,132.18,365840,4,studio
71ttiJxheBp4rHlUEveVeY,0.481,0.513,0,-6.614,0,0.033,0.401,0.00181,0.158,0.393,131.735,353200,4,studio
1NPYCZ44nVGQfqqNCUHYPA,0.987,0.586,2,-5.72,1,0.0639,0.0153,0.00149,0.0708,0.561,105.1,238680,4,studio
132ZSnHdeb0wHa03IarUaA,0.765,0.417,10,-7.355,1,0.0532,0.205,0.000166,0.0667,0.359,142.338,314253,4,studio
6urIyKfDrUYDAW7saPN6wF,0.604,0.498,11,-8.148,0,0.031,0.335,0.00112,0.0975,0.4,126.143,359520,4,studio
33Q8FszLnvgUBenu49q8Xe,0.511,0.457,0,-9.015,1,0.0289,0.3,0.00432,0.25,0.425,105.046,304640,4,studio
1HCTnmG6T5txZHYZglA2P9,0.666,0.653,5,-7.106,1,0.0448,0.219,0.00218,0.186,0.753,120.532,285493,3,studio
61ZBZl1739ky4DCVj73O7a,0.688,0.503,10,-11.114,0,0.046,0.266,0,0.0793,0.646,180.751,258067,4,studio
2WRUOpSc8ooXGrS9GY4Z3I,0.542,0.726,11,-14.204,1,0.0289,0.203,0.00467,0.0717,0.755,109.086,269360,4,studio
4OIiRhDjSaQrhReoDVvmCu,0.771,0.616,10,-10.065,1,0.0369,0.191,0,0.241,0.673,87.08,272933,4,studio
5d59AKrvfX5vA4gVQAaEBq,0.0949,0.568,8,-20.415,1,0.0366,0.756,0,0.109,0.274,82.191,271707,4,studio
48PkQ57baxso4EqseexdCx,0.565,0.691,10,-12.297,1,0.0365,0.614,0.000529,0.269,0.776,92.383,249760,4,studio
2BptgHssBhYE1y4ZH7oRew,0.754,0.363,5,-10.97,0,0.0621,0.0844,0,0.127,0.84,107.816,242560,4,studio
5AZVlaizzqbDE9QEsF8Taq,0.693,0.499,9,-13.324,0,0.0593,0.26,6.56e-05,0.219,0.723,175.958,238093,4,studio
5q6DNaMiigdhI02g5XXq4C,0.277,0.65,9,-14.219,1,0.0339,0.238,0,0.166,0.495,124.347,214467,4,studio
0Qb7wuRr0Ur1SyGpBAzVPV,0.435,0.548,4,-10.5,0,0.0396,0.118,2.16e-06,0.137,0.854,115.315,272133,4,studio
6MfOFYmw1TD9QDFSu0TEN1,0.283,0.34,3,-13.474,1,0.04,0.622,0,0.0684,0.281,172.22,371533,3,studio
2o5tTQIJyqKYMZgJ3t6mH3,0.753,0.656,7,-11.03,1,0.0322,0.353,0,0.316,0.863,129.94,351493,4,studio
52OS3WhJz54tvUFyZMA4Is,0.803,0.51,2,-8.729,1,0.0617,0.175,6.73e-06,0.0561,0.688,131.641,312907,4,studio
6mJeJhRc89MdFpu98mK0EF,0.833,0.574,2,-6.864,1,0.0928,0.155,7.65e-06,0.0915,0.741,150.437,341800,4,studio
4JwUJ35qXGtEjO6FK0WDV8,0.269,0.472,1,-11.902,1,0.0346,0.638,0,0.0811,0.233,126.616,417067,4,studio
7sPhPWYsDucfHx187GGm4P,0.401,0.375,3,-11.169,1,0.0536,0.244,1.58e-06,0.0863,0.389,180.276,315053,3,studio
4Uh0czIqPGfpZkpJBhGs9W,0.861,0.618,2,-6.134,1,0.0781,0.0868,1.76e-05,0.0435,0.562,103.189,255373,4,studio
553fjqisPmtCQFE6BCYIie,0.466,0.818,0,-10.949,1,0.0414,0.0202,0,0.0611,0.685,134.525,249160,4,studio
33mRNYsRLf75DuzXTE77uv,0.266,0.677,9,-11.259,1,0.0303,0.934,0.0027,0.143,0.548,80.602,168747,4,studio
20vwNovue4fUi07exBGNmg,0.843,0.425,9,-7.892,0,0.0431,0.31,0.00672,0.498,0.73,118.061,142707,4,studio
6cuHkcRUqtQhtJ4sWCkd1q,0.65,0.664,10,-11.168,1,0.0444,0.234,0.000282,0.16,0.775,134.986,376160,4,studio
2KVrZKnaDbu9Ik9aMHe8J3,0.375,0.555,1,-11.308,0,0.0418,0.627,1.96e-05,0.0751,0.487,138.992,273667,4,studio
5N1M5lueT7liCW7R4gaaMi,0.892,0.67,9,-7.9,1,0.04,0.07,0,0.0851,0.93,133.27,275733,4,studio
6GjmlZzBt2FHgLL1x3VMc5,0.274,0.743,6,-13.017,1,0.0407,0.324,5.34e-06,0.12,0.664,125.895,213533,4,studio
4rTdJYQ98IB5EOvKxz1Dm3,0.67,0.628,10,-10.441,1,0.0269,0.00882,6.92e-05,0.154,0.661,100.756,392000,4,studio
3v4h4wyAZe2pBQv6uK5KhP,0.733,0.553,2,-8.405,1,0.0316,0.00798,4.6e-05,0.417,0.808,135.344,322560,4,studio
4gE7FaS7lkB44bqWkbJejw,0.372,0.684,7,-13.577,1,0.057,0.0317,0,0.0862,0.529,80.754,312440,4,studio
1TcaA7LukgnPWZMtQpo3hN,0.513,0.562,0,-10.482,1,0.0423,0.168,0,0.433,0.628,87.489,356000,4,studio
3IQzkYEvV4vvGdSqrtiiQ6,0.62,0.73,11,-10.595,1,0.0265,0.0797,1.32e-06,0.311,0.864,103.234,271507,4,studio
6GaeojLyoUhcvDF4XV54cn,0.572,0.692,4,-12.013,1,0.034,0.132,5.59e-05,0.163,0.798,116.116,263973,4,studio
6Tez3LgU9h4X3Uew7XgHmD,0.282,0.657,7,-12.732,1,0.0324,0.165,1.16e-05,0.0706,0.357,108.89,236707,4,studio
5Ug4E2x8rrDFpab1Coa4q6,0.578,0.639,4,-8.538,1,0.0355,0.316,0,0.101,0.678,98.582,356067,4,studio
1pJdqFpw52UQpItDRMoca3,0.158,0.463,1,-15.992,1,0.0317,0.838,1.01e-05,0.0845,0.442,157.66,351867,4,studio
2gi1dWhaKvFdBkMQxzLpjB,0.595,0.604,0,-8.283,1,0.0333,0.386,3.8e-06,0.129,0.683,82.448,375987,4,studio
0LNxNfa5cbNrnK6KyhaQaj,0.81,0.612,11,-11.542,1,0.0574,0.145,0,0.289,0.759,104.926,320973,4,studio
00ccZDKYOO1pcMy1vBMPUf,0.68,0.711,11,-11.198,0,0.0403,0.0427,0.000357,0.0358,0.913,120.78,259467,4,studio
0rtNK3yP7Inf9hl6C0znpe,0.324,0.375,1,-15.226,1,0.0308,0.258,1.36e-05,0.0721,0.408,148.198,252773,4,studio
59OAaOgKSLoNxSrvjYPiYZ,0.856,0.613,9,-9.729,0,0.093,0.225,3.7e-05,0.128,0.754,140.552,255040,4,studio
5kPxzJwc89KRSrgDV6mAwf,0.584,0.453,10,-11.581,1,0.0551,0.207,1.34e-06,0.569,0.569,140.326,188480,4,studio
2TU0EeyBuhW5GgbNu7E4vI,0.832,0.697,4,-11.753,0,0.0348,0.0209,0,0.1,0.896,108.501,207280,4,studio
55goY0nDYL9xbrsl3019RT,0.357,0.387,0,-13.394,1,0.0285,0.0512,5.53e-06,0.161,0.202,145.75,268093,4,studio
5PgS5mnEnri4WppRe5b9X7,0.888,0.569,10,-10.718,0,0.0509,0.207,2.27e-06,0.0562,0.562,130.203,448720,4,studio
1FJRZLvaMB5fv6ZuBXGHlj,0.534,0.516,4,-13.077,1,0.0373,0.157,0,0.167,0.583,141.965,292973,4,studio
20KJVpD0MNRIunIjLzfOHJ,0.0379,0.634,7,-19.856,1,0.0362,0.805,0,0.0816,0.417,87.2,307093,4,studio
2mtFuEkmXvFFirYgkPZqGQ,0.591,0.472,9,-8.661,1,0.0918,0.114,0,0.26,0.573,143.278,712227,4,studio
1BUNeZAsh6AJb2A2tYPAr4,0.947,0.515,1,-6.255,1,0.114,0.209,0,0.0998,0.29,114.942,275213,1,studio
7yAPh7JoXujJnBqjm8RJFF,0.685,0.48,7,-12.52,1,0.0304,2.53e-05,0.000229,0.0984,0.869,179.452,198693,4,studio
3KZf8XnGGl47UR1bm3YFFt,0.443,0.383,7,-13.038,1,0.0325,0.202,1.8e-05,0.0484,0.215,147.384,243733,4,studio
00GSm6iPrN4XOcG7FXrcZl,0.677,0.653,8,-11.386,1,0.0661,0.0661,0,0.0523,0.789,131.909,220293,4,studio
3AtwAWKkV5uiMUuUvP4bRE,0.475,0.636,10,-11.089,1,0.0262,0.254,0,0.0977,0.928,132.185,194427,4,studio
39qbUIYt3lIHqdycvQo8Xx,0.819,0.617,4,-9.035,1,0.0465,0.218,0,0.296,0.882,128.298,198853,4,studio
74KpujtKzOfwEXSfuPwfHq,0.595,0.36,9,-11.186,1,0.0397,0.348,0,0.255,0.59,143.247,663333,4,studio
7c8McdKXbqVdH1OVlii5dz,0.848,0.651,7,-10.957,1,0.0334,0.0666,2.47e-05,0.286,0.659,109.189,175187,4,studio
5NXLQMyRcKGZmpkaHHsb3x,0.467,0.644,9,-12.235,1,0.0261,0.406,1.17e-05,0.323,0.592,94.077,238400,4,studio
150WBpUgrIvPs2Gnr6SfsF,0.863,0.693,9,-9.037,1,0.0401,0.173,0.000237,0.0626,0.846,113.545,189333,4,studio
4l3sLgk1dK81AkoozpFux5,0.297,0.575,9,-14.212,1,0.0257,0.143,8.54e-05,0.13,0.533,87.711,134907,4,studio
70SRPBaO3hX8M1pnNO1ME3,0.681,0.55,9,-10.699,1,0.0471,0.0786,0,0.0827,0.604,133.358,149093,4,studio
5NRyrdfQwwQ3rgSkBtNMcw,0.0673,0.763,9,-21.582,1,0.0412,0.365,7.25e-05,0.125,0.403,118.555,309880,4,studio
6HjLWtc9n6DQV8hcbHLf2n,0.763,0.61,2,-9.686,1,0.0828,0.308,0.00167,0.0958,0.669,145.802,172213,4,studio
1VYEpkDgF1AnhX6RfFfz1q,0.834,0.603,2,-8.242,1,0.0408,0.523,0.000145,0.0794,0.896,141.784,210387,4,studio
42KZovoCaiMhxskWGA68gt,0.833,0.613,0,-8.153,1,0.0462,0.312,0,0.199,0.845,161.819,185880,4,studio
22LEqLYB0LIzIS2jwNTApW,0.311,0.319,10,-12.086,1,0.0352,0.663,0,0.0898,0.319,70.113,175893,4,studio
2va8U7hZ2JLOR4npzYqMrU,0.388,0.495,7,-14.044,1,0.0303,0.3,0,0.153,0.396,109.759,218227,4,studio
1YsehwbqRFvUsg6DljVxhW,0.0899,0.412,4,-14.833,1,0.0454,0.839,1.58e-06,0.116,0.138,99.539,178693,4,studio
1512aL09grQ5uTesJB3GOi,0.954,0.637,11,-9.289,0,0.0585,0.0372,0.0336,0.0835,0.49,100.536,228800,4,studio
412jKsXVbH1LJjHZXJoz4o,0.564,0.375,7,-9.458,1,0.0404,0.0269,0.000291,0.343,0.32,183.516,152800,3,studio
65Ywa7EspM0tSZreKwOmnL,0.803,0.773,11,-7.936,0,0.0589,0.00425,0.0151,0.0815,0.867,132.15,193493,4,studio
1Y3VFY4mkLqMIkqxC51p6l,0.336,0.428,1,-11.022,1,0.0384,0.748,4.32e-06,0.125,0.147,153.727,180733,4,studio
5NtOAfnwkKo7eAGq7Uap3J,0.297,0.605,6,-12.528,0,0.0417,0.00889,0.000286,0.116,0.0998,154.523,273200,3,studio
7wLzlhL0tb3GhPhnIz7IpQ,0.624,0.546,0,-9.418,1,0.0403,0.0699,0.328,0.169,0.266,146.435,304307,4,studio
0uRMGsSsX2KORS8jkB9Lwc,0.129,0.573,9,-15.326,1,0.0418,0.599,0.008,0.297,0.102,77.411,285067,4,studio
121VnjA0Q9CQOAr9CD8b3z,0.214,0.394,1,-17.023,1,0.0477,0.234,0.00286,0.113,0.132,104.092,223960,3,studio
6j77oqpKyDbr7rtPsTAzSw,0.372,0.683,6,-12.995,0,0.157,0.0748,0.000785,0.0959,0.289,81.683,302933,4,studio
7IuEjrhTNqxzm3dcINDH7V,0.332,0.544,4,-12.231,1,0.0433,0.0084,0.000396,0.135,0.174,133.782,193000,4,studio
4cDcW9RNjY1bd2ki0raBB2,0.706,0.501,0,-12.499,1,0.046,8.08e-06,0.0586,0.135,0.451,125.091,352387,4,studio
5CdYP25qiWeQfqmdjg0MLt,0.761,0.692,4,-8.622,0,0.0404,0.0399,0.0109,0.328,0.917,123.035,322920,4,studio
5FKQEJ11cLGHHXTPGjM5Oi,0.895,0.669,6,-6.0,0,0.0319,0.0823,5.23e-05,0.219,0.939,140.139,185907,4,studio
0x6VBqyMpg9wVYh1e4slMh,0.854,0.602,11,-8.857,1,0.0573,0.206,1.27e-05,0.0445,0.808,78.23,129720,4,studio
7cssqi1ylaqlGrPTySwNzp,0.507,0.631,4,-10.825,1,0.029,0.203,0.000636,0.0946,0.39,97.481,249573,4,studio
2sGHMN1O8lI7HLUcavRvzW,0.923,0.452,9,-9.614,0,0.053,0.172,1.69e-05,0.347,0.744,164.276,245827,4,studio
00AlGnzeNVYmilww5OFUw8,0.386,0.548,8,-12.807,0,0.0332,0.43,0.00038,0.0499,0.142,102.07,219400,4,studio
7oIJJnKVm6RZ9kwYWLRJmP,0.79,0.777,9,-10.065,1,0.0451,0.105,0,0.0854,0.964,135.433,182280,4,studio
2IbaT71PWt2hqmANl3e0zF,0.712,0.666,5,-10.283,0,0.0334,0.419,0.00267,0.172,0.861,139.154,262787,4,studio
1A1jHN8atcSLQIVRRU4ztZ,0.503,0.593,5,-12.601,1,0.0355,0.515,0.000289,0.137,0.57,80.662,216800,4,studio
0JJM039uYLSCtOiYGSLcmh,0.601,0.64,3,-10.951,1,0.0465,0.695,0.00203,0.0598,0.461,145.768,181053,4,studio
442HGNEmVNg6JBN9IDtemG,0.761,0.638,3,-9.745,0,0.0312,0.198,0.00782,0.304,0.795,96.435,242320,4,studio
33DWsxiGWzZTtpNMtQND22,0.82,0.591,6,-9.499,1,0.0486,0.656,0.0353,0.202,0.915,147.078,201440,4,studio
6xoGGEN8J1sB0Dl9LoJ5b0,0.268,0.454,9,-13.108,1,0.0447,0.57,0.000399,0.0792,0.196,123.198,199453,3,studio
2Rfqmai5wESjBpmj9SP7cs,0.394,0.576,7,-12.74,1,0.0294,0.897,0.104,0.159,0.797,106.752,229253,4,studio
4X8ywvVdJnWf2cNYiq4Vxq,0.266,0.531,5,-10.589,1,0.0327,0.801,0,0.118,0.365,129.071,233787,4,studio
6N2DTFQZjW9vz0NteQWV42,0.343,0.503,6,-13.648,0,0.0273,0.763,0.00523,0.143,0.65,98.99,348600,4,studio
1jsobVln6c4OYEEbIchiN5,0.296,0.549,10,-12.916,1,0.0278,0.886,0.00251,0.123,0.41,126.374,261387,4,studio
5rIrOuZwqZiAdsA3Cxp8Oj,0.249,0.496,4,-12.785,1,0.0274,0.752,0.00684,0.103,0.446,82.941,268027,4,studio
5u8e7tK3Kuaikbusy2jQfF,0.222,0.708,9,-12.482,1,0.0348,0.887,6.46e-05,0.109,0.3,123.255,173227,4,studio
2t2XbxRZ2Oqh2Z6rTMvhAO,0.22,0.391,0,-15.398,1,0.0296,0.798,0.0375,0.114,0.246,135.686,272493,4,studio
3D3nIOrRhw05AIWqLKWsUQ,0.484,0.623,10,-12.69,1,0.0269,0.411,0.018,0.235,0.892,100.727,175680,4,studio
4qZ1YmlzFpCjsICmiFsTbE,0.166,0.542,5,-12.33,1,0.0326,0.855,1.18e-06,0.197,0.351,79.496,221280,4,studio
2QXCQHtpIDFniRJluM4sxP,0.293,0.389,10,-12.781,1,0.0372,0.779,0.00222,0.118,0.351,168.734,379707,3,studio
459GfSqP9n3CT0aytNhwmj,0.222,0.586,0,-15.6,1,0.0316,0.919,0.00818,0.238,0.428,120.176,166467,4,studio
6gQaptRUcb9xg8puca535d,0.295,0.582,11,-14.958,1,0.0336,0.86,0.0145,0.149,0.246,113.718,195720,4,studio
5sEiHlDvo5CRpX5AT3Q8z1,0.265,0.604,7,-11.63,1,0.0291,0.838,1.61e-05,0.135,0.354,103.863,382960,4,studio
2Uyp8j8EPjn1yHKZYfRL9I,0.183,0.568,2,-12.093,1,0.0344,0.859,0,0.0551,0.37,77.66,234853,4,studio
0O1cJjf6AYyGwzbzhSPRUC,0.248,0.343,6,-14.172,1,0.033,0.851,0.0129,0.119,0.23,173.514,262173,4,studio
4hIzUNbS7khuw9BvKyvGTo,0.278,0.426,4,-14.853,1,0.0302,0.855,0.000108,0.0948,0.649,99.421,247013,4,studio
4wGE7boEnWyblD2iLq3dA1,0.134,0.637,2,-12.945,1,0.0325,0.91,1.1e-05,0.105,0.264,80.929,302533,4,studio
2FZo4dT395lkdb0ntNOtMz,0.429,0.599,2,-12.139,1,0.0335,0.777,0.000748,0.211,0.839,153.359,200227,4,studio
2BVbaynYJhYnepYn5n7san,0.244,0.547,2,-13.815,1,0.0309,0.817,0.000122,0.125,0.521,148.663,339280,4,studio
1IuGKDA6SzbRLYZ4ZmEg2Y,0.406,0.446,0,-10.165,1,0.0357,0.841,8.18e-06,0.063,0.285,117.405,228520,4,studio
0VVt7RZS3yWqMeKyZA9Dsi,0.256,0.377,2,-15.85,1,0.0356,0.85,0.00388,0.221,0.221,112.171,342480,4,studio
43A4KdBB6wlzRqaISolzqV,0.372,0.5,5,-14.099,1,0.0328,0.876,0.043,0.149,0.249,119.633,293680,4,studio
2FPYD747rUnfKxgNFv9vNt,0.103,0.519,2,-17.963,1,0.0341,0.616,4.29e-05,0.126,0.424,115.834,163653,4,studio
3XpnzRAVSrwHa0glD8IeAE,0.353,0.752,11,-10.511,1,0.0458,0.878,1.96e-05,0.105,0.851,91.119,184320,4,studio
3O1hpSOaJDW4SelgUG2XT3,0.273,0.55,11,-13.863,0,0.0344,0.599,2.93e-05,0.224,0.305,72.52,320867,4,studio
5xNE6bGRS65lxMEBIl6xbT,0.78,0.452,7,-11.035,1,0.0719,0.028,0.000716,0.0662,0.456,98.312,214800,4,studio
2xalFZmyjleCTdhKPxqzdh,0.324,0.449,4,-15.545,1,0.0407,0.8,0.00361,0.126,0.133,97.451,462000,3,studio
4VrZjVEmT5qQnkCOtMWZ9b,0.554,0.415,6,-14.116,1,0.0509,0.732,2.26e-06,0.154,0.63,135.027,352040,3,studio
0dgdP5q0irOwAn7hEvEep1,0.48,0.481,3,-13.366,1,0.0325,0.473,0.0011,0.271,0.552,95.271,320707,4,studio
7vAkFzx16TtzQrQFDxZr7v,0.522,0.459,3,-12.899,1,0.0586,0.568,0.00514,0.0942,0.687,102.271,315427,4,studio
1qbn6QrHG8XfnqVFKgNzKP,0.381,0.465,4,-14.195,1,0.0316,0.529,0.00835,0.111,0.227,126.372,387733,4,studio
2QCJcmHByVdv7d5MrGPV63,0.723,0.503,5,-11.198,0,0.0363,0.026,0.103,0.0952,0.632,135.014,434360,4,studio
6rfGPGghQL7SJmZPXprXIc,0.219,0.375,1,-13.112,1,0.0288,0.78,0.00141,0.109,0.197,143.447,211000,4,studio
66AgNVlgzGwfFZ6cCDfHw4,0.564,0.572,1,-12.046,1,0.0374,0.035,0.0121,0.0789,0.648,141.748,346227,4,studio
1KeOceXRwh3e7qHa00jszs,0.367,0.585,9,-12.967,1,0.0372,0.79,3.09e-06,0.212,0.323,122.002,991467,4,studio
6d8dSogJwLG95aUqXIN8lo,0.704,0.619,4,-6.749,0,0.0243,0.528,0.0012,0.23,0.6,100.862,348773,4,studio
0OydxcVJtGUkgUMuOnR5Fe,0.445,0.381,0,-9.112,1,0.0317,0.709,0,0.148,0.278,178.342,453240,4,studio
3tIY8FYrZs0wSPSjNlLuD0,0.444,0.464,10,-8.689,1,0.0651,0.293,1.07e-05,0.102,0.384,173.802,392240,3,studio
5krLPOpDoQ7oL5IoPsIaQK,0.569,0.457,9,-8.905,1,0.0318,0.527,0.000219,0.254,0.525,179.107,183600,3,studio
3UEWtvTL3mE797dNOv8Rzw,0.901,0.71,2,-7.317,0,0.0342,0.135,0.0022,0.218,0.913,126.602,307533,4,studio
57exMMIWTLMmwerkzcxcpu,0.92,0.632,11,-9.013,1,0.0818,0.115,0.00727,0.151,0.698,117.708,286267,4,studio
6iCUV1fm0Ag3Jg8zFniarc,0.724,0.537,0,-7.505,1,0.0281,0.227,2.25e-05,0.114,0.697,79.583,321093,4,studio
79u7wxpk5WvcLqiOPj94c2,0.845,0.519,10,-7.339,0,0.0648,0.205,0,0.0784,0.333,97.537,292933,4,studio
6SyGyYzbwyFl83ApCqKqGp,0.386,0.73,10,-12.625,1,0.0474,0.62,7.59e-06,0.225,0.548,109.757,196307,4,studio
23gBv22PzANoNi0up9Qots,0.888,0.458,8,-5.361,1,0.0782,0.00535,1.14e-06,0.05,0.758,101.304,365093,4,studio
0XO6Y3K5WlPvuw7aZkR4Kt,0.564,0.617,10,-9.361,1,0.0779,0.39,0,0.113,0.385,123.407,299533,4,studio
1r6IfDCKm3YqPo5UyFvSMv,0.66,0.554,0,-8.883,1,0.0285,0.121,0.000299,0.0699,0.679,107.457,244800,4,studio
4e43xh4UVpfK0zIzysRYJQ,0.299,0.605,5,-12.669,1,0.0351,0.695,1.36e-06,0.113,0.391,96.293,202973,4,studio
5XJbLWHhhbmLuRSe2h3Avl,0.947,0.562,5,-6.09,1,0.0434,0.00129,1.43e-05,0.291,0.814,133.304,349267,4,studio
1NsEoCwQET7VCVBNrJqmnT,0.525,0.69,0,-9.867,1,0.0821,0.683,0,0.14,0.386,116.311,185827,4,studio
01WZpX9Ss7ZexSFX6ntYeO,0.796,0.531,0,-6.677,1,0.0371,0.129,0,0.129,0.6,82.357,305440,4,studio
43DqZGc0iavh3b6VEf8kWb,0.257,0.466,0,-11.197,1,0.0294,0.71,1.33e-05,0.111,0.218,77.242,400760,4,studio
38beZoBnsUmko3DFheiyuh,0.3,0.505,8,-11.504,1,0.0346,0.13,0.000725,0.0901,0.15,112.686,494773,4,studio
3R8GVpylSRehxKHrJEpYIN,0.562,0.379,10,-8.533,1,0.0582,0.597,0,0.135,0.45,185.812,312387,3,studio
4wo2eRp6aHcAlmhmfwiTAH,0.879,0.572,10,-6.832,1,0.0376,0.599,4.33e-05,0.509,0.854,154.471,353760,4,studio
5ggMp1ktrpM3K2MDRf89DN,0.397,0.747,10,-10.591,1,0.0277,0.566,0.00324,0.324,0.371,108.784,461013,4,studio
01RpOO0qxTsn2eFtyu1N34,0.902,0.647,5,-6.75,0,0.0464,0.132,0.00347,0.316,0.709,118.894,361547,4,studio
5bShFhmCTNCpVX5Nb4weCd,0.277,0.562,1,-11.901,1,0.0366,0.714,1.15e-05,0.0765,0.255,94.159,304187,3,studio
2THHd9WtMvi7K4hJuomZFk,0.59,0.533,5,-9.963,0,0.0596,0.254,0.0282,0.204,0.74,166.033,295560,4,studio
1Uio0ESSDWy3GEe3vpPBiM,0.581,0.676,9,-7.622,1,0.0324,0.645,0,0.109,0.509,131.237,367427,4,studio
7rwS7lcHkv6qJuVZiOlL7T,0.39,0.675,5,-9.962,1,0.0337,0.653,0.0002,0.104,0.317,106.055,334773,4,studio
1meT5RL2ffrm15cee84oVt,0.328,0.709,11,-9.925,1,0.0505,0.607,2.89e-06,0.0991,0.372,70.889,412520,4,studio
0CmFlFn5dUsuzx7TyVgTd3,0.743,0.679,5,-9.054,0,0.0322,0.11,0.0085,0.125,0.789,89.943,343133,4,studio
4cdSdpRnGCXnwxjmHN2nb5,0.543,0.452,8,-11.124,0,0.0351,0.472,0.00878,0.1,0.544,171.212,528067,4,studio
6D0eqZI79FtFpe482ep3Y1,0.506,0.589,1,-9.682,1,0.0364,0.378,0.000207,0.118,0.314,150.002,241320,3,studio
5pAWVctic0ClLM714mmqAI,0.737,0.639,9,-6.507,0,0.0275,0.118,0.00312,0.529,0.918,118.366,230493,4,studio
1DKdfXVo7rk7F0G7J87Cm3,0.32,0.599,5,-10.6,1,0.0322,0.51,0,0.172,0.243,110.628,218973,4,studio
06UyToIwW0KFDjV57VWY4b,0.458,0.684,9,-8.312,0,0.0643,0.578,0,0.306,0.381,77.954,255067,4,studio
7lLbE90f0JwqowKNSlBxYD,0.578,0.585,10,-8.012,1,0.0324,0.34,0,0.0946,0.635,105.328,348400,4,studio
7cA4MFh8Dsq23pVmkjXS8S,0.563,0.557,2,-7.553,0,0.0255,0.291,1.55e-06,0.129,0.328,83.893,221893,4,studio
2dJTSO5t3uZiLem40nnjfN,0.606,0.62,8,-7.369,1,0.0301,0.224,0.000201,0.309,0.812,113.405,230280,4,studio
5WsZ3nNApCUv3IoOtAA3kv,0.439,0.461,7,-9.145,1,0.0382,0.143,0.00041,0.409,0.591,177.431,350760,4,studio
6HGkdCSj8ThQkwKbDm2wTR,0.793,0.641,11,-5.602,1,0.0296,0.352,8.07e-06,0.383,0.906,80.363,216853,4,studio
2R9giNqesA6XkpaNcxoNmI,0.649,0.601,10,-7.356,1,0.0282,0.073,8.73e-06,0.0656,0.684,142.05,325093,4,studio
5CtYS7qWOWVAbTLFevDEhN,0.739,0.617,0,-7.748,0,0.0351,0.124,8.09e-06,0.282,0.844,97.119,327893,4,studio
0X9Sqk8kISEzGCrSTm8FOt,0.665,0.706,0,-6.777,1,0.036,0.546,0,0.0966,0.842,95.084,155733,4,studio
3fALpbGvipaPwK1XFtVDol,0.585,0.621,3,-6.474,1,0.0246,0.729,0,0.0768,0.558,96.054,182787,4,studio
69cDKPk9BfrgLRPmLLONkI,0.713,0.608,7,-5.976,1,0.0649,0.637,0,0.203,0.71,131.11,112973,4,studio
6CDaKcArUgWTeeTK5d8dMI,0.286,0.351,5,-5.934,1,0.0287,0.897,0,0.103,0.259,84.381,150573,3,studio
0jDzF53LecgvsnlWmmU2kX,0.285,0.419,7,-8.395,1,0.0274,0.894,0,0.102,0.143,86.923,174253,3,studio
32IuvbWbYRjjPWndi8oMkg,0.342,0.679,10,-9.564,1,0.029,0.83,0,0.098,0.577,115.354,172360,4,studio
6d69Gd9D4dpSfahKTOiyWw,0.524,0.666,4,-6.516,0,0.0287,0.752,0,0.0828,0.579,71.988,174813,4,studio
6iTQd62fps9kn7zsQp3gHS,0.309,0.347,4,-5.033,1,0.028,0.858,0,0.151,0.475,102.353,168587,4,studio
5pdzgj2JwzuWtKnV7jLClf,0.289,0.627,7,-8.97,1,0.0295,0.885,0,0.134,0.227,69.623,246000,4,studio
26H5lCAcFqSSZHGi5iFm71,0.988,0.602,11,-3.64,1,0.078,0.29,0,0.447,0.728,145.605,168547,4,studio
0bC2hzqmVXfRSp3KmKb9xl,0.448,0.591,8,-5.828,1,0.0278,0.612,0,0.116,0.625,94.052,155453,3,studio
1IwqnSNSJuUOg6KkoMIiZL,0.389,0.343,8,-5.308,1,0.0319,0.776,0,0.0952,0.565,96.013,150240,3,studio
21AejFUWBxBf5FBKJRizlB,0.686,0.672,2,-4.834,1,0.0294,0.66,0,0.124,0.863,123.462,147867,3,studio
0l7mvfrVHibVn5QX7jJqGM,0.377,0.553,1,-8.038,1,0.0309,0.894,0,0.129,0.195,116.132,236867,4,studio
4n8S1IYFyutQ6zE3vs4ebb,0.212,0.418,3,-9.09,1,0.0255,0.918,0,0.0983,0.135,76.424,137840,3,studio
5kKW4bszhKSCYVPDO0sMbX,0.596,0.6,8,-11.501,1,0.0784,0.89,0.000273,0.268,0.52,96.565,343680,4,studio
5tprHASjzXCxTFS7UHIOEr,0.439,0.738,9,-12.486,1,0.0349,0.765,0.00341,0.293,0.654,110.42,207893,3,studio
13I50qxuJ3x0fhmCcbvZGb,0.835,0.59,11,-7.923,1,0.061,0.109,0.000577,0.313,0.607,105.123,448040,4,studio
242TKXb3WdPJxUgDPF4tmy,0.61,0.336,7,-8.73,1,0.0517,0.859,0,0.109,0.476,175.301,226000,3,studio
7D1GycSf7qgYN4WgplOn0E,0.721,0.668,1,-8.01,1,0.0305,0.629,2.9e-05,0.0959,0.488,104.087,309573,4,studio
71kl32fFCagQiR9XVQzwGx,0.535,0.612,10,-10.411,1,0.0269,0.736,0.000736,0.0842,0.418,80.802,435147,4,studio
6jegsiFyEOCmz1SLNl53a8,0.616,0.43,0,-9.732,1,0.138,0.539,0,0.0883,0.825,82.193,314053,4,studio
07QFbVxz2Ycgby6e5Ft2IS,0.451,0.878,3,-12.661,0,0.0449,0.336,0,0.0901,0.812,135.037,545027,4,studio
19scNzd4ogVsHrNWsms8Rg,0.532,0.469,7,-9.644,1,0.0389,0.665,0,0.135,0.498,185.221,834253,3,studio
1UCIrq3uG9b0BhThIiCd3F,0.367,0.625,8,-10.716,1,0.0328,0.733,0.0102,0.0905,0.4,127.208,445640,4,studio
6PQ30208LWUAx5R5cYeIJ6,0.0333,0.359,2,-22.313,0,0.0312,0.847,1.41e-05,0.115,0.11,130.995,285413,4,studio
39yGuVuxqQk0cqezpj4s7C,0.0413,0.305,4,-22.544,1,0.0334,0.882,2.79e-05,0.11,0.197,147.243,200840,4,studio
1g8SAhlSBYxRcP5boyr4r9,0.0369,0.263,8,-20.637,1,0.031,0.875,4.8e-06,0.102,0.13,84.023,171827,4,studio
3tKCYhzgnMEExDtetcZknP,0.0239,0.268,2,-25.643,0,0.04,0.911,0.00898,0.0852,0.0672,127.185,178213,4,studio
3l1m2yjkCeV2kFwznL3W78,0.0606,0.228,3,-22.777,1,0.0458,0.881,4.37e-05,0.111,0.156,56.343,212493,4,studio
4RKkYBpfzwdUecdC1XxUvs,0.0255,0.421,11,-24.102,1,0.0327,0.909,4.07e-06,0.104,0.302,79.72,204213,4,studio
69D9nydAqGyu7l10RyheyU,0.034,0.288,9,-22.391,1,0.036,0.885,0.000136,0.108,0.155,148.406,202413,4,studio
76aZ9AdCrzeQk87TMyIlpP,0.0267,0.269,4,-21.851,1,0.0323,0.906,7.25e-06,0.219,0.183,145.328,212187,4,studio
5pWyOsWnOrSfDzNqCqBzOY,0.0362,0.23,10,-24.148,1,0.0343,0.942,0.000355,0.106,0.132,80.03,195787,4,studio
2eATt7RUpMbE1oGi8y1c6n,0.0423,0.324,0,-22.358,1,0.035,0.792,0.000106,0.114,0.137,127.572,216733,4,studio
5R9QON4GhmDQqFfcXIhuwz,0.0578,0.534,8,-21.867,1,0.0389,0.86,0,0.125,0.303,83.342,177520,4,studio
2qcAT5CwDXl6X3nev36Gvt,0.0501,0.352,0,-21.793,1,0.0357,0.849,6.24e-06,0.108,0.156,118.23,173960,4,studio
0CBKejeCG6Hc8A7DhHGDdm,0.0844,0.538,2,-22.481,1,0.0328,0.639,3.92e-05,0.191,0.329,76.31,214720,4,studio
5DRh1dAC2UzYXVQIL8vj4p,0.0368,0.412,0,-22.668,1,0.0301,0.896,1.54e-06,0.108,0.222,69.25,241733,4,studio
5YmWQhZxDC5T9UYVI63LCK,0.121,0.392,2,-19.926,1,0.0358,0.819,5.09e-05,0.106,0.391,92.493,175467,4,studio
4xc119RGAmh26rLAvNJB8V,0.0655,0.545,10,-22.747,0,0.0349,0.874,1.11e-06,0.105,0.204,65.296,206293,4,studio
2tZWLhhm0uLUIRj08RpdXL,0.0923,0.68,2,-22.239,0,0.0387,0.899,0,0.156,0.299,117.614,183373,4,studio
2oVgQ84CTZ3XvIJ24y8Lln,0.0589,0.553,5,-22.762,1,0.03,0.896,0.000135,0.104,0.433,97.186,134747,4,studio
63rpWH4fcjeZFKiGJcMR80,0.0382,0.481,10,-22.016,1,0.0399,0.935,1.85e-06,0.111,0.179,65.349,239253,4,studio
6efaMrdCksqImu2Bf6FqkX,0.0932,0.647,0,-21.932,0,0.0443,0.87,1.47e-05,0.118,0.443,100.283,172013,4,studio
2yEGnVnk7gaJ96ryDOkcEY,0.289,0.723,0,-20.219,1,0.0974,0.592,0,0.182,0.607,117.968,182600,4,studio
0zkxGw6Pqb0wefc24mXQRq,0.0553,0.368,6,-22.16,0,0.0391,0.93,0,0.121,0.268,172.192,159440,3,studio
1JY6lypRA5qFfpNiTLcwLN,0.281,0.68,8,-9.643,1,0.0431,0.743,3.32e-05,0.0812,0.671,107.788,144360,4,studio
73cpIphzt3WhIHRnpoCDaU,0.158,0.337,9,-14.07,1,0.0321,0.948,0.0238,0.111,0.0513,125.832,203200,4,studio
4kRh9lyQMQyg0MK1kzKAzN,0.226,0.34,8,-12.007,1,0.0301,0.903,0.000158,0.124,0.223,139.28,216520,3,studio
5x04dQRCdcASTXwIC4ddhF,0.177,0.327,9,-12.74,1,0.0283,0.929,0.00336,0.127,0.0901,90.244,216040,1,studio
7KpwbgdjAq1oiA3QXj64hV,0.191,0.228,5,-13.153,1,0.0339,0.882,0.00102,0.109,0.195,180.768,182933,3,studio
5LNKfS9oTKG0663dK6NY6c,0.179,0.299,1,-12.007,1,0.0282,0.924,0.00021,0.113,0.0685,87.459,165667,3,studio
0TznbCrfkeLUFpWG5Oylm2,0.213,0.379,1,-12.463,1,0.0296,0.931,0.00549,0.132,0.131,138.046,215507,4,studio
0CMKcjzyY9vl2vFkRMNu68,0.197,0.293,2,-13.041,1,0.0294,0.923,6.81e-05,0.114,0.133,139.072,187573,4,studio
3dqlPmzHRBcAbnjUj89CT8,0.194,0.372,0,-13.378,1,0.0303,0.918,1.22e-05,0.111,0.238,126.861,200960,4,studio
3C1HHYmuLv5p2FAC93uZVc,0.359,0.65,1,-12.101,1,0.0319,0.833,0.00137,0.128,0.427,125.923,160707,4,studio
6fUqUozweme7iFemQ3YD1t,0.487,0.73,5,-8.512,1,0.0472,0.774,0,0.0827,0.629,124.183,161560,4,studio
0kjqjcqVA3UEJnyg3VzrWi,0.238,0.391,10,-11.33,1,0.0312,0.939,4.21e-06,0.118,0.0834,129.01,198360,4,studio
5bwWByDZMmbQCc7ilCjKhZ,0.338,0.732,1,-10.781,1,0.031,0.889,0.00105,0.208,0.613,114.048,150787,4,studio
7dRHPWQlMbbpPwq5wN6LI8,0.152,0.347,0,-13.231,1,0.0317,0.917,0.00169,0.112,0.0714,127.681,199173,4,studio
4ls2OUhACz4psRFNfmrKym,0.179,0.446,1,-12.771,1,0.0308,0.935,3.38e-05,0.104,0.134,129.889,254693,4,studio
0S4RzZLUMSt1MjB94MxWqp,0.471,0.602,8,-8.891,1,0.0436,0.815,0,0.0976,0.426,117.322,174747,3,studio
2L436wphs3yXqQOpxIwitw,0.2,0.318,3,-12.999,1,0.0325,0.959,0.000806,0.109,0.0772,76.027,198893,4,studio
65X6E4VlZZCtFbiOggERcD,0.105,0.235,4,-14.138,0,0.0309,0.969,0.0151,0.11,0.06,66.743,207267,4,studio
2yzjNgBPrQEW3HmTmxQzT4,0.174,0.419,2,-13.457,1,0.0269,0.954,0.00021,0.105,0.0874,82.135,191640,4,studio
6OwmxcxlraKhUXofqQwgNK,0.132,0.394,3,-14.145,1,0.0316,0.976,0.00295,0.108,0.0955,121.853,167027,4,studio
01I24UAstOKFTQbVuYUB0Y,0.516,0.626,7,-7.168,0,0.0315,0.786,7.53e-06,0.103,0.606,73.331,178213,4,studio
0up9WtHOxMyA7unVHqmZX1,0.249,0.401,8,-11.778,1,0.0319,0.941,0.000419,0.108,0.104,122.889,193920,4,studio
0kSTfcoPCpp5xHQ2JszYiR,0.238,0.279,0,-11.543,1,0.0333,0.924,0.00557,0.109,0.242,178.916,189627,3,studio
4i8yFWCgT18eJNZ3QJIlRR,0.235,0.378,2,-12.283,1,0.0297,0.917,0.000269,0.102,0.143,114.163,197173,4,studio
4G9rkIuXHkfpw1HNf9FFUp,0.207,0.365,2,-11.57,1,0.0298,0.922,7.85e-06,0.117,0.0969,107.984,223880,3,studio
5FDOTdQBckcFKwsxBL7caA,0.232,0.389,7,-12.949,1,0.0296,0.934,0.000157,0.107,0.0711,108.305,246853,4,studio
6g0FhRlDo5MJBBeTg2Vb8l,0.196,0.347,2,-12.977,0,0.0308,0.909,0.000356,0.124,0.0732,135.875,183173,4,studio
6ojEUoH25vyIrV8umcw5vG,0.273,0.592,1,-12.563,1,0.0263,0.945,0.00979,0.112,0.356,96.995,149733,4,studio
36Afr0wqImzJ5e30iLwAMH,0.317,0.531,0,-12.482,1,0.031,0.923,0.000112,0.113,0.295,100.094,155187,4,studio
5xNh6fboPSE1g83CxODvF5,0.227,0.29,10,-12.803,1,0.0283,0.937,0.00415,0.107,0.246,79.264,169587,4,studio
5AJT2Tk8mnDEnCtsikWVu2,0.0816,0.513,0,-19.555,1,0.0782,0.934,0.000132,0.108,0.129,132.491,276733,4,studio
0JBFlDivbkrskU7oYnjdIU,0.441,0.453,0,-12.408,1,0.0556,0.437,1.24e-05,0.147,0.657,78.039,360013,4,studio
3BQnez3qUm6hdKwxXly7Rw,0.219,0.599,9,-19.148,1,0.316,0.886,0.000193,0.0891,0.214,170.841,401360,3,studio
5JqAHgYG2j9hwqCwKZpBUI,0.154,0.654,2,-19.006,1,0.0378,0.848,0.000116,0.11,0.331,134.909,392213,3,studio
2PqGXNc6kQp4iDRpi6SF5U,0.115,0.421,2,-19.775,0,0.28,0.9,5.58e-05,0.11,0.0696,80.937,252893,4,studio
74mIBeHhMcIpiAej3nBgo4,0.575,0.741,4,-12.431,0,0.0765,0.2,1.52e-06,0.172,0.883,100.004,253853,4,studio
0qI2XsEDWAw04eINOxqwOt,0.104,0.461,2,-20.151,1,0.0624,0.887,0.000314,0.108,0.191,143.996,269240,4,studio
3hTrFDlGEyQGD30rFV4oeW,0.217,0.733,0,-16.811,1,0.0471,0.531,0.000338,0.0869,0.549,68.932,442760,4,studio
0EHVdmnOEIMNQydf0sW2a1,0.188,0.434,9,-18.628,0,0.0433,0.843,0.000174,0.0919,0.115,138.77,574133,4,studio
1LfTvT9JPYuuZanwxLtZCr,0.172,0.393,0,-19.711,1,0.0413,0.827,0.00054,0.0899,0.102,106.844,1014787,4,studio

